{
    "apimds": {
        "classes": {
            "malware": {
                "test": 4889,
                "eval": 1222
            },
            "backdoor": {
                "test": 466,
                "eval": 116
            },
            "downloader": {
                "test": 734,
                "eval": 183
            },
            "trojan": {
                "test": 8360,
                "eval": 2090
            },
            "virus": {
                "test": 2609,
                "eval": 652
            },
            "packed": {
                "test": 772,
                "eval": 192
            }
        },
        "classifiers": {
            "XGBoost": {
                "classes": {
                    "malware": {
                        "precision": 0.84,
                        "recall": 0.721767594,
                        "f1_score": 0.776408451
                    },
                    "backdoor": {
                        "precision": 0.732142857,
                        "recall": 0.353448276,
                        "f1_score": 0.476744186
                    },
                    "downloader": {
                        "precision": 0.772727272727273,
                        "recall": 0.557377049180328,
                        "f1_score": 0.647619047619048
                    },
                    "trojan": {
                        "precision": 0.791014841556358,
                        "recall": 0.943540669856459,
                        "f1_score": 0.860571677940214
                    },
                    "virus": {
                        "precision": 0.832258064516129,
                        "recall": 0.791411042944785,
                        "f1_score": 0.811320754716981
                    },
                    "worm": {
                        "precision": 0.7578125,
                        "recall": 0.563953488372093,
                        "f1_score": 0.646666666666667
                    }
                },
                "aggregates": {
                    "micro": {
                        "precision": 0.807650745623514,
                        "recall": 0.807650745623514,
                        "f1_score": 0.807650745623514
                    },
                    "macro": {
                        "precision": 0.797723377721532,
                        "recall": 0.656136636236727,
                        "f1_score": 0.709484229603294
                    }
                }
            },
            "RandomForest": {
                "classes": {
                    "malware": {
                        "precision": 0.828596803,
                        "recall": 0.763502455,
                        "f1_score": 0.79471891
                    },
                    "backdoor": {
                        "precision": 0.666666666666667,
                        "recall": 0.396551724137931,
                        "f1_score": 0.497297297297297
                    },
                    "downloader": {
                        "precision": 0.807142857,
                        "recall": 0.617486338797814,
                        "f1_score": 0.69969040247678
                    },
                    "trojan": {
                        "precision": 0.830004249893753,
                        "recall": 0.93444976076555,
                        "f1_score": 0.87913571910871
                    },
                    "virus": {
                        "precision": 0.869496855345912,
                        "recall": 0.848159509202454,
                        "f1_score": 0.858695652173913
                    },
                    "worm": {
                        "precision": 0.722972972972973,
                        "recall": 0.622093023,
                        "f1_score": 0.66875
                    },
                    "packed": {
                        "precision": 0.890322580645161,
                        "recall": 0.71875,
                        "f1_score": 0.795389049
                    }
                },
                "aggregates": {
                    "micro": {
                        "precision": 0.830559758,
                        "recall": 0.830559758,
                        "f1_score": 0.830559758
                    },
                    "macro": {
                        "precision": 0.802171855,
                        "recall": 0.70014183,
                        "f1_score": 0.741953861
                    }
                }
            }
        }
    }
}